{
  "eager": {
    "matvec": 0.0741767089930363,
    "tracing": 5.501771776005626,
    "kfac_factors": 0.3142763469950296,
    "eigh": 3.694337337044999,
    "eigenvalue_correction": 0.3492657709866762,
    "peakmem": 9.009129524230957
  },
  "compiled": {
    "matvec": 0.07008934096666053,
    "peakmem": 9.031117916107178
  }
}