{
  "eager": {
    "matvec": 0.07389627199154347,
    "kfac_factors": 0.32151053799316287,
    "eigh": 3.7034866890171543,
    "eigenvalue_correction": 0.35460383200552315,
    "tracing": 5.717166808084585,
    "peakmem": 7.162693977355957
  },
  "compiled": {
    "matvec": 0.07133462699130177,
    "kfac_factors": 0.2922202219488099,
    "eigh": 3.7206922799814492,
    "eigenvalue_correction": 0.32237652805633843,
    "tracing": 6.675955177983269,
    "peakmem": 5.6418962478637695
  }
}