{
  "eager": {
    "matvec": 0.07293960603419691,
    "kfac_factors": 0.3203444379614666,
    "eigh": 3.703374058008194,
    "eigenvalue_correction": 0.35425806406419724,
    "tracing": 6.304119123029523,
    "peakmem": 7.162693977355957
  },
  "compiled": {
    "matvec": 0.07081319892313331,
    "kfac_factors": 0.2911842979956418,
    "eigh": 3.724206360988319,
    "eigenvalue_correction": 0.3207655110163614,
    "tracing": 5.722894890932366,
    "peakmem": 5.6418962478637695
  }
}