{"matvec": 0.2925243931822479, "tracing": 4.448013607878238, "kfac_factors": 1.148354935925454, "eigh": 10.781527264043689, "eigenvalue_correction": 1.273523444775492, "peakmem": 9.009129524230957}