{"matvec": 0.2906278157606721, "kfac_factors": 1.2523657716810703, "eigenvalue_correction": 1.3570228540338576, "eigh": 10.422651718836278, "peakmem": 8.729585647583008}