{"matvec": 0.0741767089930363, "matvec_compiled": 0.07008934096666053, "tracing": 5.501771776005626, "kfac_factors": 0.3142763469950296, "eigh": 3.694337337044999, "eigenvalue_correction": 0.3492657709866762, "peakmem": 9.009129524230957, "peakmem_compiled": 3.468501567840576}