{
  "eager": {
    "matvec": 0.07315276609733701,
    "kfac_factors": 0.319264966994524,
    "eigh": 3.7002600639825687,
    "eigenvalue_correction": 0.35398970905225724,
    "tracing": 6.2764368649804965,
    "peakmem": 7.162693977355957
  },
  "compiled": {
    "matvec": 0.07073960301931947,
    "kfac_factors": 0.29230077809188515,
    "eigh": 3.730388178024441,
    "eigenvalue_correction": 0.31959260895382613,
    "tracing": 6.2141412099590525,
    "peakmem": 5.6418962478637695
  }
}