{
  "eager": {
    "matvec": 0.0738683920353651,
    "kfac_factors": 0.32491049298550934,
    "eigh": 3.6968287089839578,
    "eigenvalue_correction": 0.3590247080428526,
    "tracing": 5.705574542982504,
    "peakmem": 7.162693977355957
  },
  "compiled": {
    "matvec": 0.07105992699507624,
    "kfac_factors": 0.29054768406786025,
    "eigh": 3.725354842026718,
    "eigenvalue_correction": 0.3179934850195423,
    "tracing": 6.581539063015953,
    "peakmem": 5.6418962478637695
  }
}