{
  "eager": {
    "matvec": 0.0725998169509694,
    "tracing": 4.271754779969342,
    "kfac_factors": 0.3089515620376915,
    "eigh": 3.6739301489433274,
    "eigenvalue_correction": 0.34440665610600263,
    "peakmem": 9.009129524230957
  },
  "compiled": {
    "matvec": 0.0700659939320758,
    "tracing": NaN,
    "kfac_factors": NaN,
    "eigh": NaN,
    "eigenvalue_correction": NaN,
    "peakmem": 9.009129524230957
  }
}