{"matvec": 0.29439172707498074, "kfac_factors": 1.2661619931459427, "eigenvalue_correction": 1.3668337180279195, "eigh": 10.49209943274036, "peakmem": 8.729585647583008}