{"matvec": 0.0736170299933292, "matvec_compiled": 0.06946066400269046, "tracing": 5.3880368359969, "kfac_factors": 0.31466886901762336, "eigh": 3.6985528520308435, "eigenvalue_correction": 0.34968246903736144}