{
  "eager": {
    "matvec": 0.07223518402315676,
    "kfac_factors": 0.33391444105654955,
    "eigh": 3.674113567103632,
    "eigenvalue_correction": 0.36876447801478207,
    "peakmem": 8.729585647583008
  },
  "compiled": {
    "matvec": 0.07069897500332445,
    "kfac_factors": 0.3400880469707772,
    "eigh": 3.712766011012718,
    "eigenvalue_correction": 0.3742859810590744,
    "peakmem": 8.729585647583008
  }
}