{
  "eager": {
    "matvec": 0.07133257505483925,
    "kfac_factors": 0.3320895299548283,
    "eigh": 3.658423339948058,
    "eigenvalue_correction": 0.36653467593714595,
    "peakmem": 8.729585647583008
  },
  "compiled": {
    "matvec": 0.06916240300051868,
    "kfac_factors": 0.33697847300209105,
    "eigh": 3.6937606850406155,
    "eigenvalue_correction": 0.3723088239785284,
    "peakmem": 10.273338317871094
  }
}