{
  "eager": {
    "matvec": 0.07118952600285411,
    "kfac_factors": 0.32997547602280974,
    "eigh": 3.643685371032916,
    "eigenvalue_correction": 0.363277446012944,
    "peakmem": 8.729585647583008
  },
  "compiled": {
    "matvec": 0.06933705194387585,
    "kfac_factors": 0.333853762014769,
    "eigh": 3.677452370058745,
    "eigenvalue_correction": 0.3703069299226627,
    "peakmem": 8.729585647583008
  }
}