{"matvec": 0.2951468420214951, "tracing": 4.428045625332743, "kfac_factors": 1.1392884035594761, "eigh": 10.7897230386734, "eigenvalue_correction": 1.2732554790563881, "peakmem": 9.009129524230957}