{"matvec": 0.07364665099885315, "matvec_compiled": 0.06516168202506378, "kfac_factors": 0.3371658109826967, "eigh": 3.6779342590016313, "eigenvalue_correction": 0.3727450859732926, "peakmem": 8.729585647583008, "peakmem_compiled": 3.4639315605163574}