{
  "eager": {
    "matvec": 0.07146332308184355,
    "tracing": 5.2928943580482155,
    "kfac_factors": 0.3069230989785865,
    "eigh": 3.648193772067316,
    "eigenvalue_correction": 0.34011135098990053,
    "peakmem": 9.009129524230957
  },
  "compiled": {
    "matvec": 0.06825453892815858,
    "tracing": NaN,
    "kfac_factors": NaN,
    "eigh": NaN,
    "eigenvalue_correction": NaN,
    "peakmem": NaN
  }
}