{"matvec": 0.2954704579897225, "kfac_factors": 1.2688002460636199, "eigenvalue_correction": 1.3739973362535238, "eigh": 10.48883090307936, "peakmem": 8.729585647583008}