{"matvec": 0.07371048600180075, "matvec_compiled": 0.0689589440007694, "kfac_factors": 0.33753754099598154, "eigh": 3.6753679690300487, "eigenvalue_correction": 0.37208701099734753, "peakmem": 8.729585647583008, "peakmem_compiled": 8.74546766281128}