{"matvec": 0.2944056559354067, "kfac_factors": 1.2616684851236641, "eigh": 10.78655118169263, "eigenvalue_correction": 1.4021435067988932, "peakmem": 8.729585647583008}