{"matvec": 0.29206209909170866, "kfac_factors": 1.2641993956640363, "eigh": 10.79718039277941, "eigenvalue_correction": 1.4032838991843164, "peakmem": 8.729585647583008}