{"matvec": 0.29235370829701424, "kfac_factors": 1.2565045007504523, "eigenvalue_correction": 1.360569640994072, "eigh": 10.441894503775984, "peakmem": 8.729585647583008}