{
  "eager": {
    "matvec": 0.0736170299933292,
    "tracing": 5.3880368359969,
    "kfac_factors": 0.31466886901762336,
    "eigh": 3.6985528520308435,
    "eigenvalue_correction": 0.34968246903736144,
    "peakmem": 9.009129524230957
  },
  "compiled": {
    "matvec": 0.06946066400269046
  }
}