{
  "eager": {
    "matvec": 0.07250273297540843,
    "tracing": 5.32900257606525,
    "kfac_factors": 0.30911680997814983,
    "eigh": 3.65181444096379,
    "eigenvalue_correction": 0.33991892891936004,
    "peakmem": 9.009129524230957
  },
  "compiled": {
    "matvec": 0.06827949697617441,
    "tracing": NaN,
    "kfac_factors": NaN,
    "eigh": NaN,
    "eigenvalue_correction": NaN,
    "peakmem": NaN
  }
}