{
  "eager": {
    "matvec": 2.128463110886514,
    "peakmem": 10.987448692321777
  },
  "compiled": {
    "matvec": 1.7527297157794237,
    "peakmem": 7.416461944580078
  }
}