{"matvec": 2.128463110886514, "matvec_compiled": 1.7527297157794237, "peakmem": 10.987448692321777, "peakmem_compiled": 7.416461944580078}