{
  "eager": {
    "matvec": 0.6708748129894957,
    "peakmem": 10.987448692321777
  },
  "compiled": {
    "matvec": 0.6741953910095617,
    "peakmem": 11.790229797363281
  }
}