{"matvec": 2.138329127803445, "peakmem": 10.987448692321777}