{"matvec": 2.125737162772566, "peakmem": 10.987448692321777}