{
  "eager": {
    "matvec": 0.6688364850124344,
    "peakmem": 10.987448692321777
  },
  "compiled": {
    "matvec": 0.464393655071035,
    "peakmem": 10.992453575134277
  }
}