{"matvec": 2.145480250939727, "peakmem": 10.987448692321777}