{
  "eager": {
    "matvec": 0.6640923219965771,
    "peakmem": 10.979514122009277
  },
  "compiled": {
    "matvec": 0.4333171929465607,
    "peakmem": 10.992453575134277
  }
}