{"matvec": 2.0744502041488886, "matvec_compiled": 1.6762246172875166, "peakmem": 10.979514122009277, "peakmem_compiled": 6.906726837158203}