{"matvec": 2.073668399825692, "peakmem": 10.979514122009277}