{"matvec": 2.064834760967642, "peakmem": 10.979514122009277}