{"matvec": 2.088646820746362, "peakmem": 10.979514122009277}