{
  "eager": {
    "matvec": 2.0744502041488886,
    "peakmem": 10.979514122009277
  },
  "compiled": {
    "matvec": 1.6762246172875166,
    "peakmem": 6.906726837158203
  }
}