{
  "eager": {
    "matvec": 0.6631712180096656,
    "peakmem": 10.979514122009277
  },
  "compiled": {
    "matvec": 0.6652061260538176,
    "peakmem": 6.891834259033203
  }
}