{"time": 0.7927353763952851, "peakmem": 6.573392391204834}