{"time": 0.21702607197221369, "peakmem": 6.573392391204834, "time_compiled": 0.19923940702574328, "peakmem_compiled": 5.210423946380615}