{"time": 0.8031697878614068, "peakmem": 6.573392391204834, "time_compiled": 0.7810028539970517, "peakmem_compiled": 5.210423946380615}