{"time": 0.8039359371177852, "peakmem": 6.573392391204834}