{
  "eager": {
    "time": 0.2118328500073403,
    "peakmem": 6.573392391204834
  },
  "compiled": {
    "time": 0.20467921800445765,
    "peakmem": 6.575955867767334
  }
}