{
  "eager": {
    "time": 0.21083241899032146,
    "peakmem": 6.573392391204834
  },
  "compiled": {
    "time": 0.20421482296660542,
    "peakmem": 6.575955867767334
  }
}