{"time": 0.8073355229571462, "peakmem": 6.573392391204834, "time_compiled": 0.7859434941783547, "peakmem_compiled": 5.981265068054199}