{"time": 0.8009290997870266, "peakmem": 6.573392391204834}