{
  "eager": {
    "matvec": 0.9603435309836641,
    "peakmem": 17.486909866333008
  },
  "compiled": {
    "matvec": 0.593514192965813,
    "peakmem": 17.500703811645508
  }
}