{"matvec": 2.9552015787921846, "peakmem": 17.486909866333008}