{
  "eager": {
    "matvec": 0.9601257330505177,
    "peakmem": 17.486909866333008
  },
  "compiled": {
    "matvec": 0.9602075009606779,
    "peakmem": 14.765645027160645
  }
}