{"matvec": 2.967155429068953, "peakmem": 17.486909866333008}