{"matvec": 2.983631927985698, "peakmem": 17.486909866333008}