{"matvec": 2.998807239346206, "matvec_compiled": 2.3578115198761225, "peakmem": 17.486909866333008, "peakmem_compiled": 14.785054206848145}