{
  "eager": {
    "matvec": 2.998807239346206,
    "peakmem": 17.486909866333008
  },
  "compiled": {
    "matvec": 2.3578115198761225,
    "peakmem": 14.785054206848145
  }
}