{"matvec": 2.9656582032330334, "matvec_compiled": 2.332833018153906, "peakmem": 17.486909866333008, "peakmem_compiled": 15.392683982849121}