{
  "eager": {
    "matvec": 0.038103163009509444,
    "tracing": 5.341872184013482,
    "kfac_factors": 0.3135677730315365,
    "peakmem": 8.381072044372559
  },
  "compiled": {
    "matvec": 0.037876817979849875
  }
}