{"matvec": 0.13156954990699887, "tracing": 3.5724504962563515, "kfac_factors": 1.152640094049275, "peakmem": 8.381072044372559}