{
  "eager": {
    "matvec": 0.037082226015627384,
    "tracing": 4.985552244936116,
    "kfac_factors": 0.3070560219930485,
    "peakmem": 8.381072044372559
  },
  "compiled": {
    "matvec": 0.03631627804134041,
    "tracing": NaN,
    "kfac_factors": NaN,
    "peakmem": NaN
  }
}