{
  "eager": {
    "matvec": 0.03261010500136763,
    "kfac_factors": 0.3181234860094264,
    "tracing": 2.546941124019213,
    "peakmem": 5.941675186157227
  },
  "compiled": {
    "matvec": 0.03285253595095128,
    "kfac_factors": 0.2874138690531254,
    "tracing": 2.5459085470065475,
    "peakmem": 4.08342170715332
  }
}