{
  "eager": {
    "matvec": 0.0316199439112097,
    "kfac_factors": 0.3278588510584086,
    "cholesky_inverse": 0.3502083480125293,
    "peakmem": 8.00409746170044
  },
  "compiled": {
    "matvec": 0.031593922059983015,
    "kfac_factors": 0.3291505059460178,
    "cholesky_inverse": 0.34616422397084534,
    "peakmem": 8.030036926269531
  }
}