{"matvec": 0.038103163009509444, "matvec_compiled": 0.037876817979849875, "tracing": 5.341872184013482, "kfac_factors": 0.3135677730315365, "peakmem": 8.381072044372559, "peakmem_compiled": 3.140732765197754}