{"matvec": 0.1535816160030663, "kfac_factors": 1.2587217641994357, "peakmem": 8.00409746170044}