{
  "eager": {
    "matvec": 0.03849193197675049,
    "kfac_factors": 0.320109796943143,
    "tracing": 3.168129669968039,
    "peakmem": 5.941675186157227
  },
  "compiled": {
    "matvec": 0.03783657494932413,
    "kfac_factors": 0.28655871597584337,
    "tracing": 2.533286619000137,
    "peakmem": 4.08342170715332
  }
}