{"matvec": 0.1304550301283598, "kfac_factors": 1.256042764056474, "cholesky_inverse": 1.3380417851731181, "peakmem": 8.00409746170044}