{"matvec": 0.03293114196276292, "matvec_compiled": 0.03250951896188781, "kfac_factors": 0.3347663400345482, "cholesky_inverse": 0.35698757198406383, "peakmem": 8.00409746170044, "peakmem_compiled": 3.1309256553649902}