{
  "eager": {
    "matvec": 0.037615069071762264,
    "tracing": 5.794054204015993,
    "kfac_factors": 0.3065474029863253,
    "peakmem": 8.381072044372559
  },
  "compiled": {
    "matvec": 0.036658083088696,
    "tracing": NaN,
    "kfac_factors": NaN,
    "peakmem": NaN
  }
}