{
  "eager": {
    "matvec": 0.038047731039114296,
    "kfac_factors": 0.3181621989933774,
    "tracing": 3.252875291975215,
    "peakmem": 5.941675186157227
  },
  "compiled": {
    "matvec": 0.03707374690566212,
    "kfac_factors": 0.2838311579544097,
    "tracing": 2.5486615899717435,
    "peakmem": 4.08342170715332
  }
}