{"matvec": 0.03283702296903357, "matvec_compiled": 0.032358272990677506, "tracing": 14.119610464025754, "kfac_factors": 0.31771250697784126, "peakmem": 8.381072044372559, "peakmem_compiled": 8.408282279968262}