{
  "eager": {
    "matvec": 0.03860761696705595,
    "kfac_factors": 0.33759551600087434,
    "peakmem": 8.00409746170044
  },
  "compiled": {
    "matvec": 0.03260948299430311,
    "peakmem": 8.030036926269531
  }
}