{"matvec": 0.15454271994531155, "kfac_factors": 1.256948919966817, "peakmem": 8.00409746170044}