{"matvec": 0.15533168613910675, "kfac_factors": 1.2690685670822859, "peakmem": 8.00409746170044}