{
  "eager": {
    "matvec": 0.031792360940016806,
    "kfac_factors": 0.3134596919408068,
    "cholesky_inverse": 0.35683958302251995,
    "tracing": 3.099448186927475,
    "peakmem": 5.941675186157227
  },
  "compiled": {
    "matvec": 0.032441554008983076,
    "kfac_factors": 0.2834095659200102,
    "cholesky_inverse": 0.3542648860020563,
    "tracing": 2.5350673239445314,
    "peakmem": 4.08342170715332
  }
}