{"matvec": 0.03239813901018351, "matvec_compiled": 0.03307679097633809, "tracing": 5.455438625998795, "kfac_factors": 0.315766062005423, "peakmem": 8.381072044372559, "peakmem_compiled": 8.408282279968262}