{
  "eager": {
    "matvec": 0.03695718408562243,
    "kfac_factors": 0.32907106599304825,
    "peakmem": 8.00409746170044
  },
  "compiled": {
    "matvec": 0.03600833599921316,
    "kfac_factors": 0.33013187895994633,
    "peakmem": 8.00409746170044
  }
}