{"matvec": 0.03778054396389052, "matvec_compiled": 0.03785466100089252, "kfac_factors": 0.3400166039937176, "peakmem": 8.00409746170044, "peakmem_compiled": 8.030036926269531}