{
  "eager": {
    "matvec": 0.03293114196276292,
    "kfac_factors": 0.3347663400345482,
    "cholesky_inverse": 0.35698757198406383,
    "peakmem": 8.00409746170044
  },
  "compiled": {
    "matvec": 0.03250951896188781,
    "peakmem": 8.030036926269531
  }
}