{
  "eager": {
    "matvec": 0.03178847790695727,
    "kfac_factors": 0.3293563610641286,
    "cholesky_inverse": 0.35187360004056245,
    "peakmem": 8.00409746170044
  },
  "compiled": {
    "matvec": 0.0314153409563005,
    "kfac_factors": 0.3332989849150181,
    "cholesky_inverse": 0.3486691029975191,
    "peakmem": 8.00409746170044
  }
}