{
  "eager": {
    "matvec": 0.03239813901018351,
    "tracing": 5.455438625998795,
    "kfac_factors": 0.315766062005423,
    "peakmem": 8.381072044372559
  },
  "compiled": {
    "matvec": 0.03307679097633809
  }
}