{
  "eager": {
    "matvec": 0.031814947025850415,
    "tracing": 5.791424085968174,
    "kfac_factors": 0.30575260205660015,
    "peakmem": 8.381072044372559
  },
  "compiled": {
    "matvec": 0.03139217896386981,
    "tracing": NaN,
    "kfac_factors": NaN,
    "peakmem": NaN
  }
}