{
  "eager": {
    "matvec": 0.03773751005064696,
    "kfac_factors": 0.33147020800970495,
    "peakmem": 8.00409746170044
  },
  "compiled": {
    "matvec": 0.036715881898999214,
    "kfac_factors": 0.3340369629440829,
    "peakmem": 8.00409746170044
  }
}