{"matvec": 0.03806529298890382, "matvec_compiled": 0.03788680396974087, "tracing": 2.490618882002309, "kfac_factors": 0.32253938098438084, "kfac_factors_compiled": 0.2872519709635526, "peakmem": 5.603473663330078, "peakmem_compiled": 4.089475631713867}