{
  "eager": {
    "matvec": 0.031484553939662874,
    "tracing": 5.009783899993636,
    "kfac_factors": 0.3060974539257586,
    "peakmem": 8.381072044372559
  },
  "compiled": {
    "matvec": 0.033923025941476226,
    "tracing": NaN,
    "kfac_factors": NaN,
    "peakmem": NaN
  }
}