{"matvec": 0.15312357665970922, "tracing": 3.888640532270074, "kfac_factors": 1.1465125568211079, "peakmem": 8.381072044372559}