{"matvec": 0.13135068444535136, "kfac_factors": 1.2685688650235534, "cholesky_inverse": 1.335162934847176, "peakmem": 8.00409746170044}