{"matvec": 0.03860761696705595, "matvec_compiled": 0.03260948299430311, "kfac_factors": 0.33759551600087434, "peakmem": 8.00409746170044, "peakmem_compiled": 3.1405773162841797}