{"matvec": 2.1675904686562717, "matvec_compiled": 1.773678686004132, "peakmem": 10.987448692321777, "peakmem_compiled": 7.416461944580078}