{
  "eager": {
    "matvec": 0.6851834909757599,
    "peakmem": 10.987448692321777
  },
  "compiled": {
    "matvec": 0.6887584889773279,
    "peakmem": 7.401569366455078
  }
}