{"matvec": 2.1684108008630574, "peakmem": 10.987448692321777}