{"matvec": 2.154027251061052, "peakmem": 10.987448692321777}