{
  "eager": {
    "matvec": 2.1675904686562717,
    "peakmem": 10.987448692321777
  },
  "compiled": {
    "matvec": 1.773678686004132,
    "peakmem": 7.416461944580078
  }
}