{
  "eager": {
    "matvec": 0.6870087719289586,
    "peakmem": 10.987448692321777
  },
  "compiled": {
    "matvec": 0.49357608205173165,
    "peakmem": 12.557791709899902
  }
}