{"matvec": 2.142449681647122, "peakmem": 10.987448692321777}