{"matvec": 0.004410084802657366, "kfac_factors": 0.004152178764343262, "eigenvalue_correction": 0.004975883290171623, "eigh": 0.23623110819607973, "peakmem": 0.06351709365844727}