{"matvec": 0.04290910204872489, "kfac_factors": 0.2589047378860414, "eigenvalue_correction": 0.2821150068193674, "eigh": 3.2053752159699798, "peakmem": 1.054166316986084}