{"matvec": 0.04119356581941247, "kfac_factors": 0.2593199457041919, "eigenvalue_correction": 0.28198431665077806, "eigh": 3.2078182348050177, "peakmem": 1.054166316986084}