{"matvec": 0.08751562377437949, "kfac_factors": 1.14733980409801, "eigenvalue_correction": 0.9133881120942533, "eigh": 6.133390927687287, "peakmem": 6.503520488739014}