{"matvec": 0.2927576187066734, "kfac_factors": 1.2576783900149167, "eigenvalue_correction": 1.3554084510542452, "eigh": 10.414369883947074, "peakmem": 8.729585647583008}