{"matvec": 0.08709493093192577, "kfac_factors": 1.1501884809695184, "eigenvalue_correction": 0.916880730073899, "eigh": 6.143957681022584, "peakmem": 6.503520488739014}