{"matvec": 0.08870769990608096, "kfac_factors": 1.1435207109898329, "eigenvalue_correction": 0.9123254460282624, "eigh": 6.139410567004234, "peakmem": 6.503520488739014}