{"matvec": 0.004465091973543167, "kfac_factors": 0.004116390831768513, "eigenvalue_correction": 0.004986459854990244, "eigh": 0.23634876171126962, "peakmem": 0.06351518630981445}