{"matvec": 0.2925823163241148, "kfac_factors": 1.25648772995919, "eigenvalue_correction": 1.3594947583042085, "eigh": 10.434102481696755, "peakmem": 8.729585647583008}