{"matvec": 0.6797704598866403, "peakmem": 6.164432525634766}