{"matvec": 0.06880535604432225, "peakmem": 0.49726057052612305}