{"matvec": 0.007812368683516979, "peakmem": 0.04713916778564453}