{"matvec": 2.124662441201508, "peakmem": 10.987448692321777}