{"matvec": 0.007163678761571646, "peakmem": 0.04713916778564453}