{"matvec": 0.6816936410032213, "peakmem": 6.163700103759766}