{"matvec": 0.06886562006548047, "peakmem": 0.49713850021362305}