{"matvec": 2.0642106742598116, "peakmem": 10.979514122009277}