{"time": 0.03467760607600212, "peakmem": 0.36760807037353516}