{"time": 0.27151524275541306, "peakmem": 5.408483028411865}