{"time": 0.27110854303464293, "peakmem": 5.408483028411865}