{"time": 0.785607157740742, "peakmem": 6.573392391204834}