{"time": 0.002341159153729677, "peakmem": 0.038019657135009766}