{"matvec": 1.1599553492851555, "peakmem": 12.750334739685059}