{"matvec": 1.1595225310884416, "peakmem": 12.750334739685059}