{"matvec": 2.963467352092266, "peakmem": 17.486909866333008}