{"matvec": 0.009391557890921831, "peakmem": 0.06780719757080078}