{"matvec": 0.10865656100213528, "peakmem": 0.9961190223693848}