{"matvec": 0.12968577863648534, "kfac_factors": 1.2570699146017432, "cholesky_inverse": 1.320153710898012, "peakmem": 8.00409746170044}