{"matvec": 0.15356235718354583, "kfac_factors": 1.2580851479433477, "peakmem": 8.00409746170044}