{"matvec": 0.0020078900270164013, "kfac_factors": 0.004208944272249937, "peakmem": 0.058452606201171875}