{"matvec": 0.04413581173866987, "kfac_factors": 1.1368323839269578, "peakmem": 5.78726863861084}