{"matvec": 0.019990998785942793, "kfac_factors": 0.2591172228567302, "cholesky_inverse": 0.4081320730037987, "peakmem": 0.930142879486084}