{"matvec": 0.002027945127338171, "kfac_factors": 0.004184330347925425, "cholesky_inverse": 0.025472069159150124, "peakmem": 0.05908632278442383}