{"matvec": 0.03778452705591917, "kfac_factors": 1.1345675261691213, "cholesky_inverse": 0.7132833171635866, "peakmem": 5.78726863861084}