{"matvec": 0.12953395443037152, "kfac_factors": 1.2548124669119716, "cholesky_inverse": 1.3266923311166465, "peakmem": 8.00409746170044}