{"matvec": 0.020254706032574177, "kfac_factors": 0.2593430979177356, "peakmem": 0.6780343055725098}