{"matvec": 0.020303591154515743, "kfac_factors": 0.25907003972679377, "peakmem": 0.6780343055725098}