{"matvec": 2.144475881010294, "peakmem": 10.987448692321777}