{"matvec": 0.0080346311442554, "peakmem": 0.04713916778564453}