{"matvec": 0.6821850202977657, "peakmem": 6.164432525634766}