{"matvec": 0.06898482423275709, "peakmem": 0.49726057052612305}