{"kfac_factors": 0.25927102798596025, "cholesky_inverse": 0.4054234176874161}