{"kfac_factors": 21.955748619046062, "eigenvalue_correction": 6.533048120792955, "eigh": 6.507082387804985, "tracing": 4.79701215820387}