{"kfac_factors": 19.73837633477524, "eigenvalue_correction": 6.3437205967493355, "eigh": 6.509783251211047, "tracing": 5.0255517666228116}