{"kfac_factors": 1.1136408327147365, "cholesky_inverse": 0.7100895959883928}