{"kfac_factors": 1.108123549260199, "eigenvalue_correction": 0.8897066041827202, "eigh": 6.087806970346719}