{"kfac_factors": 3.4174259761348367, "tracing": 2.0013329861685634}