{"kfac_factors": 8.671939961146563, "eigenvalue_correction": 2.7416007802821696, "eigh": 3.5290926904417574, "tracing": 2.5855189068242908}