{"kfac_factors": 3.1731203380040824, "tracing": 2.3974234159104526}