{"kfac_factors": 0.25902840588241816, "eigenvalue_correction": 0.2821417171508074, "eigh": 3.2092440789565444}