{"kfac_factors": 8.310568874701858, "tracing": 5.679382346570492}