{"kfac_factors": 0.004072288982570171, "eigenvalue_correction": 0.0048712873831391335, "eigh": 0.23610691307112575}