{"kfac_factors": 0.004183241166174412, "eigenvalue_correction": 0.004915978759527206, "eigh": 0.23613086622208357}