{"kfac_factors": 1.2276762053370476, "cholesky_inverse": 1.3216314502060413}