{"kfac_factors": 24.150953371077776, "eigenvalue_correction": 5.987460668198764, "eigh": 10.337308292742819, "tracing": 4.437599902041256}