{"kfac_factors": 1.2187195480801165, "eigenvalue_correction": 1.318146653007716, "eigh": 10.612455781083554}