{"kfac_factors": 1.10535508999601, "eigenvalue_correction": 0.8811326432041824, "eigh": 6.073331541847438}