{"kfac_factors": 6.145904364064336, "tracing": 3.9273440171964467}