{"kfac_factors": 0.7936417949385941, "eigenvalue_correction": 0.16718216286972165, "eigh": 0.24015968572348356, "tracing": 0.15961202420294285}