{"kfac_factors": 0.25877648778259754, "eigenvalue_correction": 0.2819582070223987, "eigh": 3.179350496735424}