{"kfac_factors": 6.849453467875719, "tracing": 5.087733599357307}