{"kfac_factors": 0.0041908868588507175, "cholesky_inverse": 0.02545179706066847}