{"kfac_factors": 0.259163707960397, "cholesky_inverse": 0.4067230550572276}