{"kfac_factors": 0.21829128684476018, "tracing": 0.1537728658877313}