{"kfac_factors": 7.306224293075502, "tracing": 4.033859855029732}