{"kfac_factors": 8.5027802339755, "eigenvalue_correction": 2.8298590620979667, "eigh": 3.515811800956726, "tracing": 2.2353023923933506}