{"kfac_factors": 0.25913696084171534, "eigenvalue_correction": 0.28175091790035367, "eigh": 3.184816363733262}