{"kfac_factors": 24.502810014411807, "eigenvalue_correction": 5.191324656829238, "eigh": 10.310176534112543, "tracing": 4.389496481977403}