{"kfac_factors": 1.2221668660640717, "eigenvalue_correction": 1.3183484799228609, "eigh": 10.61908756615594}