{"kfac_factors": 0.8125172876752913, "eigenvalue_correction": 0.24453627225011587, "eigh": 0.24004659103229642, "tracing": 0.16719094989821315}