{"kfac_factors": 0.23751927400007844, "tracing": 0.1767312758602202}