{
  "eager": {
    "matvec": 0.0032810919219627976,
    "kfac_factors": 0.004666654043830931,
    "eigh": 0.06412006402388215,
    "eigenvalue_correction": 0.0056707910262048244,
    "tracing": 0.521721959928982,
    "peakmem": 0.05812263488769531
  },
  "compiled": {
    "matvec": 0.0009219290222972631,
    "kfac_factors": 0.0027658960316330194,
    "eigh": 0.06444821506738663,
    "eigenvalue_correction": 0.0035035479813814163,
    "tracing": 0.519943009945564,
    "peakmem": 0.05059003829956055
  }
}