{"matvec": 0.004343876149505377, "kfac_factors": 0.003998238127678633, "eigenvalue_correction": 0.004835424944758415, "eigh": 0.23609125381335616, "peakmem": 0.06351518630981445}