{
  "eager": {
    "matvec": 0.003395739011466503,
    "kfac_factors": 0.0036372640170156956,
    "eigh": 0.06260422500781715,
    "eigenvalue_correction": 0.003943489980883896,
    "peakmem": 0.06430768966674805
  },
  "compiled": {
    "matvec": 0.0009091279935091734,
    "kfac_factors": 0.004145407001487911,
    "eigh": 0.0630328319966793,
    "eigenvalue_correction": 0.004146334016695619,
    "peakmem": 0.060680389404296875
  }
}