{"matvec": 0.004432902671396732, "kfac_factors": 0.004148729145526886, "eigenvalue_correction": 0.00493574095889926, "eigh": 0.23613958060741425, "peakmem": 0.06351709365844727}