{"matvec": 0.004299031104892492, "kfac_factors": 0.004003054928034544, "eigh": 0.23587353015318513, "eigenvalue_correction": 0.00494479900225997, "peakmem": 0.06351518630981445}