{
  "eager": {
    "matvec": 0.0033453209325671196,
    "kfac_factors": 0.0035519329831004143,
    "eigh": 0.06245066795963794,
    "eigenvalue_correction": 0.003823376027867198,
    "peakmem": 0.06430768966674805
  },
  "compiled": {
    "matvec": 0.0009084169287234545,
    "kfac_factors": 0.00400170695502311,
    "eigh": 0.06281575502362102,
    "eigenvalue_correction": 0.004113947972655296,
    "peakmem": 0.06070232391357422
  }
}