{
  "eager": {
    "matvec": 0.003365681041032076,
    "kfac_factors": 0.003575313021428883,
    "eigh": 0.06256081798346713,
    "eigenvalue_correction": 0.003794485004618764,
    "peakmem": 0.06430768966674805
  },
  "compiled": {
    "matvec": 0.0009012810187414289,
    "kfac_factors": 0.004031936987303197,
    "eigh": 0.06293370097409934,
    "eigenvalue_correction": 0.004170448984950781,
    "peakmem": 0.060660362243652344
  }
}