{"matvec": 0.003419803048018366, "matvec_compiled": 0.0009652830194681883, "tracing": 0.28852013795403764, "kfac_factors": 0.0039637970039620996, "eigh": 0.06399241299368441, "eigenvalue_correction": 0.004164135025348514, "peakmem": 0.0647726058959961, "peakmem_compiled": 0.06357812881469727}