{
  "eager": {
    "matvec": 0.003419803048018366,
    "tracing": 0.28852013795403764,
    "kfac_factors": 0.0039637970039620996,
    "eigh": 0.06399241299368441,
    "eigenvalue_correction": 0.004164135025348514,
    "peakmem": 0.0647726058959961
  },
  "compiled": {
    "matvec": 0.0009652830194681883,
    "peakmem": 0.06587982177734375
  }
}