{"matvec": 0.004319633357226849, "kfac_factors": 0.004023738671094179, "eigenvalue_correction": 0.004818106070160866, "eigh": 0.23610952496528625, "peakmem": 0.06351709365844727}