{"matvec": 0.0034307759488001466, "matvec_compiled": 0.0009702050010673702, "tracing": 0.2209735029609874, "kfac_factors": 0.003878782968968153, "eigh": 0.06759548099944368, "eigenvalue_correction": 0.004029421019367874, "peakmem": 0.06431865692138672, "peakmem_compiled": 0.06587982177734375}