{"matvec": 0.01131133400122053, "kfac_factors": 0.013866582998161903, "eigh": 0.10620741700040526, "eigenvalue_correction": 0.017906124998262385, "peakmem": 0.39202880859375}