{"matvec": 0.004452480934560299, "kfac_factors": 0.0041543468832969666, "eigenvalue_correction": 0.004971434827893972, "eigh": 0.2362291906028986, "peakmem": 0.06351518630981445}