{
  "eager": {
    "matvec": 0.0034246559953317046,
    "kfac_factors": 0.003562555997632444,
    "eigh": 0.06345051003154367,
    "eigenvalue_correction": 0.0038236440159380436,
    "peakmem": 0.06430768966674805
  },
  "compiled": {
    "matvec": 0.0009266800479963422
  }
}