{
  "eager": {
    "matvec": 0.003281713929027319,
    "kfac_factors": 0.004512940067797899,
    "eigh": 0.06304971501231194,
    "eigenvalue_correction": 0.005253954906947911,
    "tracing": 0.5296070260228589,
    "peakmem": 0.05922412872314453
  },
  "compiled": {
    "matvec": 0.0009173640282824636,
    "kfac_factors": 0.00313218601513654,
    "eigh": 0.06360916700214148,
    "eigenvalue_correction": 0.0034228410804644227,
    "tracing": 0.527419992024079,
    "peakmem": 0.05098438262939453
  }
}