{"matvec": 0.0032699250150471926, "matvec_compiled": 0.0009287369903177023, "kfac_factors": 0.00360565900336951, "eigh": 0.06351617397740483, "eigenvalue_correction": 0.0038473570020869374, "peakmem": 0.06430768966674805, "peakmem_compiled": 0.06516361236572266}