{"matvec": 0.0043161469511687756, "kfac_factors": 0.004038555081933737, "eigh": 0.2359279110096395, "eigenvalue_correction": 0.004976348020136356, "peakmem": 0.06351709365844727}