{
  "eager": {
    "matvec": 0.003401967987883836,
    "kfac_factors": 0.0035593389766290784,
    "eigh": 0.06261554098455235,
    "eigenvalue_correction": 0.003804038977250457,
    "peakmem": 0.06430768966674805
  },
  "compiled": {
    "matvec": 0.0009062109747901559,
    "kfac_factors": 0.003921055002138019,
    "eigh": 0.06302657001651824,
    "eigenvalue_correction": 0.003954574989620596,
    "peakmem": 0.06070232391357422
  }
}