{"matvec": 0.004462577868252993, "tracing": 0.24433844489976764, "kfac_factors": 0.003415314946323633, "eigh": 0.23600019980221987, "eigenvalue_correction": 0.003774987068027258, "peakmem": 0.06410598754882812}