{"matvec": 0.004333398304879665, "tracing": 0.2437346838414669, "kfac_factors": 0.0034005381166934967, "eigh": 0.235878671053797, "eigenvalue_correction": 0.0037774420343339443, "peakmem": 0.06406688690185547}