{
  "eager": {
    "matvec": 0.003397347987629473,
    "tracing": 0.25217026396421716,
    "kfac_factors": 0.003964819945394993,
    "eigh": 0.06764964398462325,
    "eigenvalue_correction": 0.004088617977686226,
    "peakmem": 0.0647726058959961
  },
  "compiled": {
    "matvec": 0.0009494040277786553,
    "tracing": NaN,
    "kfac_factors": NaN,
    "eigh": NaN,
    "eigenvalue_correction": NaN,
    "peakmem": 0.06406688690185547
  }
}