{"matvec": 0.011757374999433523, "kfac_factors": 0.01438225000310922, "eigh": 0.1073199590027798, "eigenvalue_correction": 0.018247624997457024, "peakmem": 0.3865966796875}