{
  "eager": {
    "matvec": 0.007465530070476234,
    "peakmem": 0.04713916778564453
  },
  "compiled": {
    "matvec": 0.0017227530479431152,
    "peakmem": 0.047161102294921875
  }
}