{"matvec": 0.0077664670534431934, "peakmem": 0.04713916778564453}