{"matvec": 0.00753036979585886, "peakmem": 0.04713916778564453}