{"matvec": 0.007549350615590811, "matvec_compiled": 0.0036137239076197147, "peakmem": 0.04713916778564453, "peakmem_compiled": 0.04870414733886719}