{
  "eager": {
    "matvec": 0.007508921960834414,
    "peakmem": 0.04713916778564453
  },
  "compiled": {
    "matvec": 0.0017479329835623503,
    "peakmem": 0.047161102294921875
  }
}