{"matvec": 0.025495624999166466, "peakmem": 0.365692138671875}