{"matvec": 0.007425130810588598, "peakmem": 0.04713916778564453}