{
  "eager": {
    "matvec": 0.007549350615590811,
    "peakmem": 0.04713916778564453
  },
  "compiled": {
    "matvec": 0.0036137239076197147,
    "peakmem": 0.05089616775512695
  }
}