{"matvec": 0.006900814361870289, "peakmem": 0.04713916778564453}