{"matvec": 0.02177749999827938, "peakmem": 0.3773040771484375}