{
  "eager": {
    "matvec": 0.0069844870013184845,
    "peakmem": 0.04713916778564453
  },
  "compiled": {
    "matvec": 0.0014791880385018885,
    "peakmem": 0.047159671783447266
  }
}