{"matvec": 0.006829500198364258, "peakmem": 0.04713916778564453}