{"matvec": 0.006890368182212114, "matvec_compiled": 0.00353142898529768, "peakmem": 0.04713916778564453, "peakmem_compiled": 0.05089426040649414}