{"matvec": 0.007089872844517231, "peakmem": 0.04713916778564453}