{
  "eager": {
    "matvec": 0.006913652992807329,
    "peakmem": 0.04713916778564453
  },
  "compiled": {
    "matvec": 0.0014640530571341515,
    "peakmem": 0.047159671783447266
  }
}