{"time": 0.017493416999059264, "peakmem": 0.323516845703125}