{
  "eager": {
    "time": 0.001721578009892255,
    "peakmem": 0.038019657135009766
  },
  "compiled": {
    "time": 0.0017128770123235881,
    "peakmem": 0.03712320327758789
  }
}