{"time": 0.0023559811525046825, "peakmem": 0.038019657135009766}