{"time": 0.002341523300856352, "peakmem": 0.038019657135009766}