{"time": 0.0032628620974719524, "peakmem": 0.038019657135009766, "time_compiled": 0.0016216877847909927, "peakmem_compiled": 0.03775596618652344}