{
  "eager": {
    "time": 0.0023494441993534565,
    "peakmem": 0.038019657135009766
  },
  "compiled": {
    "time": 0.0018698489293456078,
    "peakmem": 0.033095359802246094
  }
}