{
  "eager": {
    "time": 0.0016922000795602798,
    "peakmem": 0.038019657135009766
  },
  "compiled": {
    "time": 0.00169665296562016,
    "peakmem": 0.03712320327758789
  }
}