{"time": 0.0023494441993534565, "peakmem": 0.038019657135009766, "time_compiled": 0.0018698489293456078, "peakmem_compiled": 0.03775596618652344}