{"time": 0.0017411310109309852, "peakmem": 0.038019657135009766, "time_compiled": 0.0009984219796024263, "peakmem_compiled": 0.03775596618652344}