{"time": 0.0023422096855938435, "peakmem": 0.038019657135009766}