{"matvec": 0.00899379188194871, "matvec_compiled": 0.004076932556927204, "peakmem": 0.06780719757080078, "peakmem_compiled": 0.055704593658447266}