{
  "eager": {
    "matvec": 0.009043801110237837,
    "peakmem": 0.06780719757080078
  },
  "compiled": {
    "matvec": 0.0017940410180017352,
    "peakmem": 0.06784534454345703
  }
}