{"matvec": 0.008809753227978945, "peakmem": 0.06780719757080078}