{"matvec": 0.008799246978014708, "matvec_compiled": 0.004065921995788813, "peakmem": 0.06780719757080078, "peakmem_compiled": 0.055704593658447266}