{"matvec": 0.0915845840027032, "peakmem": 0.4022979736328125}