{
  "eager": {
    "matvec": 0.00899379188194871,
    "peakmem": 0.06780719757080078
  },
  "compiled": {
    "matvec": 0.004076932556927204,
    "peakmem": 0.05584907531738281
  }
}