{
  "eager": {
    "matvec": 0.009101464005652815,
    "peakmem": 0.06780719757080078
  },
  "compiled": {
    "matvec": 0.0018553039990365505,
    "peakmem": 0.06784534454345703
  }
}