{"matvec": 0.009165813215076923, "peakmem": 0.06780719757080078}