{"matvec": 0.008751842193305492, "peakmem": 0.06780719757080078}