{"matvec": 0.001748317969031632, "matvec_compiled": 0.0005446830182336271, "kfac_factors": 0.0036242500063963234, "peakmem": 0.058452606201171875, "peakmem_compiled": 0.05282783508300781}