{
  "eager": {
    "matvec": 0.0018427729955874383,
    "tracing": 0.23168068600352854,
    "kfac_factors": 0.0039854670176282525,
    "peakmem": 0.05958366394042969
  },
  "compiled": {
    "matvec": 0.0005442170077003539,
    "tracing": NaN,
    "kfac_factors": NaN,
    "peakmem": 0.0536341667175293
  }
}