{"matvec": 0.0018261799705214798, "matvec_compiled": 0.0005493169883266091, "kfac_factors": 0.0037373919622041285, "peakmem": 0.058452606201171875, "peakmem_compiled": 0.05278587341308594}