{
  "eager": {
    "matvec": 0.0018061090377159417,
    "tracing": 0.21683693100931123,
    "kfac_factors": 0.0038212609943002462,
    "peakmem": 0.05958366394042969
  },
  "compiled": {
    "matvec": 0.000549009011592716
  }
}