{"matvec": 0.0018306559650227427, "matvec_compiled": 0.0005645480123348534, "tracing": 0.21276415698230267, "kfac_factors": 0.0053547529969364405, "kfac_factors_compiled": 0.0037955829757265747, "peakmem": 0.050330162048339844, "peakmem_compiled": 0.04577922821044922}