{
  "eager": {
    "matvec": 0.0018416119855828583,
    "kfac_factors": 0.003909166029188782,
    "cholesky_inverse": 0.007892917026765645,
    "peakmem": 0.05908632278442383
  },
  "compiled": {
    "matvec": 0.0005766480462625623,
    "peakmem": 0.05492353439331055
  }
}