{"matvec": 0.002002985216677189, "kfac_factors": 0.00409722002223134, "cholesky_inverse": 0.025456177070736885, "peakmem": 0.05908632278442383}