{
  "eager": {
    "matvec": 0.0018569520325399935,
    "tracing": 0.2654034039587714,
    "kfac_factors": 0.003992948972154409,
    "peakmem": 0.0588531494140625
  },
  "compiled": {
    "matvec": 0.0005630489904433489,
    "tracing": NaN,
    "kfac_factors": NaN,
    "peakmem": NaN
  }
}