{
  "eager": {
    "matvec": 0.0018433129880577326,
    "tracing": 0.24129268701653928,
    "kfac_factors": 0.0041145989671349525,
    "peakmem": 0.05958366394042969
  },
  "compiled": {
    "matvec": 0.0005507810274139047,
    "tracing": NaN,
    "kfac_factors": NaN,
    "peakmem": NaN
  }
}