{"matvec": 0.0019419649615883827, "kfac_factors": 0.004063497297465801, "peakmem": 0.058452606201171875}