{
  "eager": {
    "matvec": 0.0018876299727708101,
    "kfac_factors": 0.0038987579755485058,
    "cholesky_inverse": 0.007848160923458636,
    "peakmem": 0.05908632278442383
  },
  "compiled": {
    "matvec": 0.0005405120318755507,
    "kfac_factors": 0.004333819029852748,
    "cholesky_inverse": 0.006942671025171876,
    "peakmem": 0.05492353439331055
  }
}