{"matvec": 0.0064345840000896715, "kfac_factors": 0.014595417000236921, "peakmem": 0.350128173828125}