{
  "eager": {
    "matvec": 0.0018261799705214798,
    "kfac_factors": 0.0037373919622041285,
    "peakmem": 0.058452606201171875
  },
  "compiled": {
    "matvec": 0.0005493169883266091
  }
}