{
  "eager": {
    "matvec": 0.001710393000394106,
    "kfac_factors": 0.00402135297190398,
    "tracing": 0.2278276700526476,
    "peakmem": 0.05069780349731445
  },
  "compiled": {
    "matvec": 0.0005369529826566577,
    "kfac_factors": 0.0032564610010012984,
    "tracing": 0.2552880779840052,
    "peakmem": 0.045107364654541016
  }
}