{
  "eager": {
    "matvec": 0.0018545070197433233,
    "tracing": 0.2201446249964647,
    "kfac_factors": 0.003783217049203813,
    "peakmem": 0.0588531494140625
  },
  "compiled": {
    "matvec": 0.0005765989772044122,
    "peakmem": 0.05498075485229492
  }
}