{
  "eager": {
    "matvec": 0.0018713879981078207,
    "kfac_factors": 0.0038490829756483436,
    "cholesky_inverse": 0.007842103019356728,
    "peakmem": 0.05908632278442383
  },
  "compiled": {
    "matvec": 0.0005599689902737737,
    "kfac_factors": 0.0047936749760992825,
    "cholesky_inverse": 0.006958511017728597,
    "peakmem": 0.0546417236328125
  }
}