{"matvec": 0.001976543106138706, "tracing": 0.24413975607603788, "kfac_factors": 0.0034009269438683987, "peakmem": 0.0588531494140625}