{"matvec": 0.0018416119855828583, "matvec_compiled": 0.0005766480462625623, "kfac_factors": 0.003909166029188782, "cholesky_inverse": 0.007892917026765645, "peakmem": 0.05908632278442383, "peakmem_compiled": 0.05906534194946289}