{"matvec": 0.002016410231590271, "kfac_factors": 0.0041893282905220985, "cholesky_inverse": 0.025450638961046934, "peakmem": 0.05908632278442383}