{
  "eager": {
    "matvec": 0.0018218130571767688,
    "kfac_factors": 0.004566504969261587,
    "cholesky_inverse": 0.007818895042873919,
    "tracing": 0.21999050199519843,
    "peakmem": 0.051062583923339844
  },
  "compiled": {
    "matvec": 0.0005405609263107181,
    "kfac_factors": 0.003228779067285359,
    "cholesky_inverse": 0.006918280967511237,
    "tracing": 0.21279146196320653,
    "peakmem": 0.04735517501831055
  }
}