{"matvec": 0.006037916999048321, "kfac_factors": 0.014253584002290154, "cholesky_inverse": 0.025909583000611747, "peakmem": 0.3546600341796875}