{
  "eager": {
    "matvec": 0.001816656906157732,
    "kfac_factors": 0.0038073320174589753,
    "peakmem": 0.058452606201171875
  },
  "compiled": {
    "matvec": 0.0005464799469336867,
    "kfac_factors": 0.00423622305970639,
    "peakmem": 0.05250406265258789
  }
}