{"matvec": 0.0020205797627568245, "kfac_factors": 0.004065197892487049, "peakmem": 0.058452606201171875}