{
  "eager": {
    "matvec": 0.0018676110194064677,
    "kfac_factors": 0.0038120339740999043,
    "peakmem": 0.058452606201171875
  },
  "compiled": {
    "matvec": 0.000544407987035811,
    "kfac_factors": 0.0047725249896757305,
    "peakmem": 0.05250406265258789
  }
}