{
  "eager": {
    "matvec": 0.0017577479593455791,
    "kfac_factors": 0.0043525820365175605,
    "tracing": 0.2247281630989164,
    "peakmem": 0.05069780349731445
  },
  "compiled": {
    "matvec": 0.0005400869995355606,
    "kfac_factors": 0.0024601100012660027,
    "tracing": 0.24744700896553695,
    "peakmem": 0.045107364654541016
  }
}