{"matvec": 0.0018449940253049135, "matvec_compiled": 0.0005679299938492477, "tracing": 1.3292825540411286, "kfac_factors": 0.005696539010386914, "peakmem": 0.06103944778442383, "peakmem_compiled": 0.05435371398925781}