{"matvec": 0.0019798986613750458, "kfac_factors": 0.00404290109872818, "cholesky_inverse": 0.02540513500571251, "peakmem": 0.05908632278442383}