{
  "eager": {
    "matvec": 0.0018040210707113147,
    "kfac_factors": 0.003903074888512492,
    "tracing": 0.21697000600397587,
    "peakmem": 0.051062583923339844
  },
  "compiled": {
    "matvec": 0.0005394460167735815,
    "kfac_factors": 0.0024007780011743307,
    "tracing": 0.22302696807309985,
    "peakmem": 0.04735517501831055
  }
}