{"matvec": 0.0019911048002541065, "kfac_factors": 0.004226576071232557, "peakmem": 0.058452606201171875}