{"matvec": 0.001980649773031473, "tracing": 0.2404447440057993, "kfac_factors": 0.003465671092271805, "peakmem": 0.05958366394042969}