{
  "eager": {
    "matvec": 0.009699156042188406,
    "peakmem": 0.04713916778564453
  },
  "compiled": {
    "matvec": 0.00364205299410969,
    "peakmem": 0.04785633087158203
  }
}