{"matvec": 0.021913250002398854, "peakmem": 0.3685150146484375}