{
  "eager": {
    "matvec": 0.009745006915181875,
    "peakmem": 0.04713916778564453
  },
  "compiled": {
    "matvec": 0.005280429031699896,
    "peakmem": 0.04551219940185547
  }
}