{"matvec": 0.007772152777761221, "peakmem": 0.04713916778564453}