{"matvec": 0.009745006915181875, "matvec_compiled": 0.005280429031699896, "peakmem": 0.04713916778564453, "peakmem_compiled": 0.04551219940185547}