{"matvec": 0.00800927123054862, "peakmem": 0.04713916778564453}