{
  "eager": {
    "matvec": 0.009956704976502806,
    "peakmem": 0.04713916778564453
  },
  "compiled": {
    "matvec": 0.0036170309758745134,
    "peakmem": 0.04717731475830078
  }
}