{"matvec": 0.00765877915546298, "peakmem": 0.04713916778564453}