{
  "eager": {
    "matvec": 0.015073830028995872,
    "kfac_factors": 0.07823814603034407,
    "eigh": 1.1949161160737276,
    "eigenvalue_correction": 0.09156999597325921,
    "tracing": 2.6056685210205615,
    "peakmem": 0.8035068511962891
  },
  "compiled": {
    "matvec": 0.009389453916810453,
    "kfac_factors": 0.024797611986286938,
    "eigh": 1.202062828000635,
    "eigenvalue_correction": 0.03349891596008092,
    "tracing": 3.0414457789156586,
    "peakmem": 1.069380283355713
  }
}