{
  "eager": {
    "matvec": 0.015035431017167866,
    "kfac_factors": 0.07709617400541902,
    "eigh": 1.194683198002167,
    "eigenvalue_correction": 0.09035209193825722,
    "tracing": 2.6144202309660614,
    "peakmem": 0.8035068511962891
  },
  "compiled": {
    "matvec": 0.009303970960900187,
    "kfac_factors": 0.024081981042400002,
    "eigh": 1.1999402419896796,
    "eigenvalue_correction": 0.032950691995210946,
    "tracing": 2.621170619968325,
    "peakmem": 1.069380283355713
  }
}