{
  "eager": {
    "matvec": 0.015218907035887241,
    "kfac_factors": 0.07734456297475845,
    "eigh": 1.1887848359765485,
    "eigenvalue_correction": 0.09035870293155313,
    "tracing": 2.582040606997907,
    "peakmem": 0.8035068511962891
  },
  "compiled": {
    "matvec": 0.009203596040606499,
    "kfac_factors": 0.02294096106197685,
    "eigh": 1.1942324390402064,
    "eigenvalue_correction": 0.0320943770930171,
    "tracing": 2.5928200390189886,
    "peakmem": 1.069380283355713
  }
}