{"matvec": 0.041354425717145205, "kfac_factors": 0.2586265276186168, "eigenvalue_correction": 0.28170484211295843, "eigh": 3.2187724048271775, "peakmem": 1.054166316986084}