{
  "eager": {
    "matvec": 0.015340198995545506,
    "kfac_factors": 0.0765045479638502,
    "eigh": 1.1862507050391287,
    "eigenvalue_correction": 0.08815286797471344,
    "peakmem": 1.054166316986084
  },
  "compiled": {
    "matvec": 0.015667793923057616,
    "kfac_factors": 0.07527602196205407,
    "eigh": 1.18834142095875,
    "eigenvalue_correction": 0.09189804492052644,
    "peakmem": 1.054166316986084
  }
}