{
  "eager": {
    "matvec": 0.01532202900853008,
    "kfac_factors": 0.07639887602999806,
    "eigh": 1.1833044339437038,
    "eigenvalue_correction": 0.08810968394391239,
    "peakmem": 1.054166316986084
  },
  "compiled": {
    "matvec": 0.009176349034532905,
    "kfac_factors": 0.054839971009641886,
    "eigh": 1.186377631034702,
    "eigenvalue_correction": 0.09161153400782496,
    "peakmem": 1.0788145065307617
  }
}