{"matvec": 0.015092526969965547, "matvec_compiled": 0.009505119000095874, "kfac_factors": 0.077675680979155, "eigh": 1.1944169910275377, "eigenvalue_correction": 0.08915799198439345, "peakmem": 1.054166316986084, "peakmem_compiled": 0.6237506866455078}