{
  "eager": {
    "matvec": 0.015092526969965547,
    "kfac_factors": 0.077675680979155,
    "eigh": 1.1944169910275377,
    "eigenvalue_correction": 0.08915799198439345,
    "peakmem": 1.054166316986084
  },
  "compiled": {
    "matvec": 0.009505119000095874,
    "peakmem": 1.054715633392334
  }
}