{
  "eager": {
    "matvec": 0.01514808600768447,
    "kfac_factors": 0.0767586249858141,
    "eigh": 1.1867598530370742,
    "eigenvalue_correction": 0.08828184206504375,
    "peakmem": 1.054166316986084
  },
  "compiled": {
    "matvec": 0.00953699101228267,
    "kfac_factors": 0.05486197303980589,
    "eigh": 1.1865559369325638,
    "eigenvalue_correction": 0.09160366200376302,
    "peakmem": 1.0794053077697754
  }
}