{"matvec": 0.04144595516845584, "tracing": 1.7938363868743181, "kfac_factors": 0.24568266980350018, "eigh": 3.2187304659746587, "eigenvalue_correction": 0.274619969073683, "peakmem": 1.0776610374450684}