{"matvec": 0.04274952271953225, "kfac_factors": 0.25914079509675503, "eigenvalue_correction": 0.2818597387522459, "eigh": 3.216089522931725, "peakmem": 1.054166316986084}