{
  "eager": {
    "matvec": 0.01518081600079313,
    "tracing": 2.778760223998688,
    "kfac_factors": 0.07628077897243202,
    "eigh": 1.1958689669845626,
    "eigenvalue_correction": 0.0861632029991597,
    "peakmem": 1.0776610374450684
  },
  "compiled": {
    "matvec": 0.009579987963661551,
    "peakmem": 1.0782670974731445
  }
}