{
  "eager": {
    "matvec": 0.015218317974358797,
    "kfac_factors": 0.07675309700425714,
    "eigh": 1.186526331002824,
    "eigenvalue_correction": 0.08833554189186543,
    "peakmem": 1.054166316986084
  },
  "compiled": {
    "matvec": 0.015466222073882818,
    "kfac_factors": 0.07537254004273564,
    "eigh": 1.188781421049498,
    "eigenvalue_correction": 0.09167957899626344,
    "peakmem": 1.0784287452697754
  }
}