{
  "eager": {
    "matvec": 0.015154744032770395,
    "tracing": 2.1788766080280766,
    "kfac_factors": 0.07630016497569159,
    "eigh": 1.1964271029573865,
    "eigenvalue_correction": 0.08640090597327799,
    "peakmem": 1.0776610374450684
  },
  "compiled": {
    "matvec": 0.009596813004463911
  }
}