{"matvec": 0.04243517201393843, "kfac_factors": 0.2588952938094735, "eigh": 3.2067631580866873, "eigenvalue_correction": 0.28329199319705367, "peakmem": 1.054166316986084}