{"matvec": 0.04106436390429735, "tracing": 1.8301993501372635, "kfac_factors": 0.2456149752251804, "eigh": 3.2175561687909067, "eigenvalue_correction": 0.27451871894299984, "peakmem": 1.0776610374450684}