{"matvec": 0.041869958862662315, "kfac_factors": 0.25874386727809906, "eigh": 3.210244243964553, "eigenvalue_correction": 0.28332027792930603, "peakmem": 1.054166316986084}