{"matvec": 0.04304714081808925, "kfac_factors": 0.25854155886918306, "eigenvalue_correction": 0.2817320809699595, "eigh": 3.2189499959349632, "peakmem": 1.054166316986084}