{
  "eager": {
    "matvec": 0.015131933963857591,
    "tracing": 2.306517421035096,
    "kfac_factors": 0.07605538191273808,
    "eigh": 1.1895710050594062,
    "eigenvalue_correction": 0.08499929902609438,
    "peakmem": 1.0776610374450684
  },
  "compiled": {
    "matvec": 0.015371158020570874,
    "tracing": NaN,
    "kfac_factors": NaN,
    "eigh": NaN,
    "eigenvalue_correction": NaN,
    "peakmem": NaN
  }
}