{"matvec": 0.015284800028894097, "matvec_compiled": 0.009718213987071067, "kfac_factors": 0.07756751799024642, "eigh": 1.1925263069570065, "eigenvalue_correction": 0.08912943000905216, "peakmem": 1.054166316986084, "peakmem_compiled": 1.054715633392334}