{"matvec": 0.04163443995639682, "kfac_factors": 0.2590856458991766, "eigenvalue_correction": 0.28190294513478875, "eigh": 3.220503726042807, "peakmem": 1.054166316986084}