{"matvec": 0.06825298769399524, "peakmem": 0.49726057052612305}