{
  "eager": {
    "matvec": 0.06873678509145975,
    "peakmem": 0.49726057052612305
  },
  "compiled": {
    "matvec": 0.04336525732651353,
    "peakmem": 0.46845245361328125
  }
}