{
  "eager": {
    "matvec": 0.03423257207032293,
    "peakmem": 0.49726057052612305
  },
  "compiled": {
    "matvec": 0.03484170406591147,
    "peakmem": 0.44666337966918945
  }
}