{
  "eager": {
    "matvec": 0.034633869072422385,
    "peakmem": 0.49726057052612305
  },
  "compiled": {
    "matvec": 0.016845918959006667,
    "peakmem": 0.5068039894104004
  }
}