{"matvec": 0.06846542283892632, "peakmem": 0.49726057052612305}