{"matvec": 0.06833578692749143, "peakmem": 0.49726057052612305}