{
  "eager": {
    "matvec": 0.06863082805648446,
    "peakmem": 0.49713850021362305
  },
  "compiled": {
    "matvec": 0.04349031997844577,
    "peakmem": 0.4651799201965332
  }
}