{"matvec": 0.06845628516748548, "peakmem": 0.49713850021362305}