{
  "eager": {
    "matvec": 0.03387936402577907,
    "peakmem": 0.49713850021362305
  },
  "compiled": {
    "matvec": 0.03444502898491919,
    "peakmem": 0.5068025588989258
  }
}