{"matvec": 0.0689886431209743, "peakmem": 0.49713850021362305}