{"matvec": 0.06849321164190769, "peakmem": 0.49713850021362305}