{
  "eager": {
    "matvec": 0.03401385399047285,
    "peakmem": 0.49713850021362305
  },
  "compiled": {
    "matvec": 0.01596331293694675,
    "peakmem": 0.49921369552612305
  }
}