{"time": 0.03449096204712987, "peakmem": 0.36760807037353516}