{"time": 0.012903239054139704, "peakmem": 0.36760807037353516, "time_compiled": 0.009124469012022018, "peakmem_compiled": 0.36075448989868164}