{
  "eager": {
    "time": 0.013313391013070941,
    "peakmem": 0.36760807037353516
  },
  "compiled": {
    "time": 0.010020217974670231,
    "peakmem": 0.3706021308898926
  }
}