{"time": 0.03458493389189243, "peakmem": 0.36760807037353516}