{"time": 0.03463524905964732, "peakmem": 0.36760807037353516, "time_compiled": 0.025727596133947372, "peakmem_compiled": 0.36075448989868164}