{"time": 0.03467232920229435, "peakmem": 0.36760807037353516, "time_compiled": 0.025075157172977924, "peakmem_compiled": 0.36099863052368164}