{
  "eager": {
    "time": 0.01323996699647978,
    "peakmem": 0.36760807037353516
  },
  "compiled": {
    "time": 0.011006487009581178,
    "peakmem": 0.3698692321777344
  }
}