{
  "eager": {
    "time": 0.03463524905964732,
    "peakmem": 0.36760807037353516
  },
  "compiled": {
    "time": 0.025727596133947372,
    "peakmem": 0.32533931732177734
  }
}