{"time": 0.03459338517859578, "peakmem": 0.36760807037353516}