{"matvec": 0.10859831096604466, "matvec_compiled": 0.06343748420476913, "peakmem": 0.9961190223693848, "peakmem_compiled": 0.7100796699523926}