{"matvec": 0.10894019715487957, "peakmem": 0.9961190223693848}