{"matvec": 0.10869231959804893, "matvec_compiled": 0.06346964789554477, "peakmem": 0.9961190223693848, "peakmem_compiled": 0.751368522644043}