{"matvec": 0.10887915687635541, "peakmem": 0.9961190223693848}