{
  "eager": {
    "matvec": 0.10859831096604466,
    "peakmem": 0.9961190223693848
  },
  "compiled": {
    "matvec": 0.06343748420476913,
    "peakmem": 0.7100796699523926
  }
}