{
  "eager": {
    "matvec": 0.10474948096089065,
    "peakmem": 0.9961190223693848
  },
  "compiled": {
    "matvec": 0.022505959030240774,
    "peakmem": 0.996157169342041
  }
}