{"matvec": 0.1085664932616055, "peakmem": 0.9961190223693848}