{
  "eager": {
    "matvec": 0.10442261700518429,
    "peakmem": 0.9961190223693848
  },
  "compiled": {
    "matvec": 0.10604081198107451,
    "peakmem": 0.996157169342041
  }
}