{
  "eager": {
    "matvec": 0.007245567045174539,
    "kfac_factors": 0.0779738889541477,
    "tracing": 1.1589783459203318,
    "peakmem": 0.9194769859313965
  },
  "compiled": {
    "matvec": 0.004506300087086856,
    "kfac_factors": 0.02294767601415515,
    "tracing": 1.440340943983756,
    "peakmem": 0.920224666595459
  }
}