{
  "eager": {
    "matvec": 0.007610075059346855,
    "tracing": 2.0820304240332916,
    "kfac_factors": 0.07607482990715653,
    "peakmem": 0.7637124061584473
  },
  "compiled": {
    "matvec": 0.004878283012658358,
    "tracing": NaN,
    "kfac_factors": NaN,
    "peakmem": NaN
  }
}