{"matvec": 0.007566633052192628, "matvec_compiled": 0.004935178032610565, "kfac_factors": 0.0756031260243617, "peakmem": 0.6786584854125977, "peakmem_compiled": 0.6796445846557617}