{"matvec": 0.02024301001802087, "kfac_factors": 0.2587091252207756, "peakmem": 0.6780343055725098}