{"matvec": 0.019649820867925882, "kfac_factors": 0.2599419681355357, "cholesky_inverse": 0.407019370701164, "peakmem": 0.930142879486084}