{
  "eager": {
    "matvec": 0.007526032975874841,
    "kfac_factors": 0.07721490797121078,
    "tracing": 1.1513993369881064,
    "peakmem": 0.5349884033203125
  },
  "compiled": {
    "matvec": 0.00476186303421855,
    "kfac_factors": 0.02268087607808411,
    "tracing": 1.168032614979893,
    "peakmem": 0.5332527160644531
  }
}