{
  "eager": {
    "matvec": 0.0073990910314023495,
    "kfac_factors": 0.07722938293591142,
    "cholesky_inverse": 0.10698442801367491,
    "peakmem": 0.930142879486084
  },
  "compiled": {
    "matvec": 0.007518567028455436,
    "kfac_factors": 0.07695129106286913,
    "cholesky_inverse": 0.10444421705324203,
    "peakmem": 0.9302496910095215
  }
}