{
  "eager": {
    "matvec": 0.007792813004925847,
    "kfac_factors": 0.0766535020666197,
    "peakmem": 0.6780343055725098
  },
  "compiled": {
    "matvec": 0.004896308993920684,
    "kfac_factors": 0.05531974206678569,
    "peakmem": 0.6750001907348633
  }
}