{
  "eager": {
    "matvec": 0.007654370041564107,
    "kfac_factors": 0.07689671393018216,
    "tracing": 1.1679239920340478,
    "peakmem": 0.5349884033203125
  },
  "compiled": {
    "matvec": 0.0047393039567396045,
    "kfac_factors": 0.022705654031597078,
    "tracing": 1.1670855520060286,
    "peakmem": 0.5332527160644531
  }
}