{
  "eager": {
    "matvec": 0.007606674917042255,
    "tracing": 2.251222854014486,
    "kfac_factors": 0.07616300799418241,
    "peakmem": 0.7637124061584473
  },
  "compiled": {
    "matvec": 0.007849401095882058,
    "tracing": NaN,
    "kfac_factors": NaN,
    "peakmem": NaN
  }
}