{"matvec": 0.007365408993791789, "matvec_compiled": 0.004583763948176056, "tracing": 2.2749621239490807, "kfac_factors": 0.07628965098410845, "peakmem": 0.93023681640625, "peakmem_compiled": 0.5838704109191895}