{"matvec": 0.01944749802350998, "kfac_factors": 0.2588446969166398, "cholesky_inverse": 0.4067049426957965, "peakmem": 0.930142879486084}