{"matvec": 0.01993926800787449, "kfac_factors": 0.25856603402644396, "cholesky_inverse": 0.40785049367696047, "peakmem": 0.930142879486084}