{
  "eager": {
    "matvec": 0.007334765046834946,
    "kfac_factors": 0.0769364470615983,
    "cholesky_inverse": 0.10772019601427019,
    "tracing": 1.1498047100612894,
    "peakmem": 0.9194769859313965
  },
  "compiled": {
    "matvec": 0.004483039025217295,
    "kfac_factors": 0.022163152927532792,
    "cholesky_inverse": 0.10576126305386424,
    "tracing": 1.4142925889464095,
    "peakmem": 0.920224666595459
  }
}