{
  "eager": {
    "matvec": 0.00731310504488647,
    "kfac_factors": 0.07820193702355027,
    "cholesky_inverse": 0.10784221102949232,
    "peakmem": 0.930142879486084
  },
  "compiled": {
    "matvec": 0.004714877984952182,
    "peakmem": 0.9283270835876465
  }
}