{
  "eager": {
    "matvec": 0.007433286984451115,
    "tracing": 2.3805007800692692,
    "kfac_factors": 0.0760879690060392,
    "peakmem": 0.93023681640625
  },
  "compiled": {
    "matvec": 0.007788566988892853,
    "tracing": NaN,
    "kfac_factors": NaN,
    "peakmem": NaN
  }
}