{"matvec": 0.007300245051737875, "matvec_compiled": 0.004743621975649148, "tracing": 6.639140115992632, "kfac_factors": 0.07910737599013373, "peakmem": 0.9301867485046387, "peakmem_compiled": 0.9306507110595703}