{
  "eager": {
    "matvec": 0.007365408993791789,
    "tracing": 2.2749621239490807,
    "kfac_factors": 0.07628965098410845,
    "peakmem": 0.93023681640625
  },
  "compiled": {
    "matvec": 0.004583763948176056
  }
}