{
  "eager": {
    "matvec": 0.007620504999067634,
    "kfac_factors": 0.07785937999142334,
    "peakmem": 0.6780343055725098
  },
  "compiled": {
    "matvec": 0.004937891033478081
  }
}