{"matvec": 0.020450973883271217, "kfac_factors": 0.25888782972469926, "peakmem": 0.6780343055725098}