{"matvec": 0.00731310504488647, "matvec_compiled": 0.004714877984952182, "kfac_factors": 0.07820193702355027, "cholesky_inverse": 0.10784221102949232, "peakmem": 0.930142879486084, "peakmem_compiled": 0.9283270835876465}