{
  "eager": {
    "matvec": 0.007516138954088092,
    "kfac_factors": 0.0769558479078114,
    "peakmem": 0.6780343055725098
  },
  "compiled": {
    "matvec": 0.007712058024480939,
    "kfac_factors": 0.07580486498773098,
    "peakmem": 0.6750001907348633
  }
}