{"matvec": 0.019469244871288538, "tracing": 1.9588387948460877, "kfac_factors": 0.24563726969063282, "peakmem": 0.93023681640625}