{"matvec": 0.02015739120543003, "tracing": 1.6198938330635428, "kfac_factors": 0.2456370471045375, "peakmem": 0.7637124061584473}