{
  "eager": {
    "matvec": 0.007555285934358835,
    "kfac_factors": 0.07693573401775211,
    "cholesky_inverse": 0.10716298001352698,
    "peakmem": 0.930142879486084
  },
  "compiled": {
    "matvec": 0.0046485429629683495,
    "kfac_factors": 0.056508725974708796,
    "cholesky_inverse": 0.10471290606074035,
    "peakmem": 0.9302496910095215
  }
}