{
  "eager": {
    "matvec": 0.0076177500304766,
    "tracing": 2.3196502630016766,
    "kfac_factors": 0.07626437197905034,
    "peakmem": 0.7637124061584473
  },
  "compiled": {
    "matvec": 0.004804692987818271,
    "peakmem": 0.7625203132629395
  }
}