{
  "eager": {
    "matvec": 0.03752226091455668,
    "peakmem": 0.49726057052612305
  },
  "compiled": {
    "matvec": 0.03776258905418217,
    "peakmem": 0.4466590881347656
  }
}