{
  "eager": {
    "matvec": 0.03777020797133446,
    "peakmem": 0.49726057052612305
  },
  "compiled": {
    "matvec": 0.02088407799601555,
    "peakmem": 0.49555158615112305
  }
}