{"matvec": 0.06857142690569162, "peakmem": 0.49726057052612305}