{"matvec": 0.06843383423984051, "peakmem": 0.49726057052612305}