{
  "eager": {
    "matvec": 0.07032579882070422,
    "peakmem": 0.49726057052612305
  },
  "compiled": {
    "matvec": 0.045095945708453655,
    "peakmem": 0.4684481620788574
  }
}