{"matvec": 0.06852297997102141, "peakmem": 0.49726057052612305}