{"matvec": 0.08857339899986982, "tracing": 4.513668077066541, "kfac_factors": 0.9990507680922747, "eigh": 6.14013468567282, "eigenvalue_correction": 1.0404039602726698, "peakmem": 9.287253856658936}