{
  "eager": {
    "matvec": 0.035261565004475415,
    "kfac_factors": 0.34069187904242426,
    "eigh": 1.9991150959394872,
    "eigenvalue_correction": 0.31068898004014045,
    "peakmem": 6.503520488739014
  },
  "compiled": {
    "matvec": 0.03559249604586512,
    "kfac_factors": 0.34072105400264263,
    "eigh": 2.011245262925513,
    "eigenvalue_correction": 0.31111979810521007,
    "peakmem": 6.937966346740723
  }
}