{"matvec": 0.08820028230547905, "tracing": 4.674741084687412, "kfac_factors": 0.999653035774827, "eigh": 6.148532411083579, "eigenvalue_correction": 1.0406996407546103, "peakmem": 9.287253856658936}