{"matvec": 0.08649272378534079, "kfac_factors": 1.1478605112060905, "eigenvalue_correction": 0.9166953130625188, "eigh": 6.152434668969363, "peakmem": 6.503520488739014}