{"matvec": 0.03519050602335483, "matvec_compiled": 0.01828173699323088, "tracing": 5.630798764992505, "kfac_factors": 0.30020278599113226, "eigh": 2.0240856230375357, "eigenvalue_correction": 0.33248114003799856, "peakmem": 9.287253856658936, "peakmem_compiled": 1.175018310546875}