{
  "eager": {
    "matvec": 0.03513756801839918,
    "kfac_factors": 0.34476513700792566,
    "eigh": 2.0172163899987936,
    "eigenvalue_correction": 0.31553568301023915,
    "peakmem": 6.503520488739014
  },
  "compiled": {
    "matvec": 0.018830063985660672,
    "peakmem": 6.5057454109191895
  }
}