{
  "eager": {
    "matvec": 0.03525815001921728,
    "tracing": 5.831571883987635,
    "kfac_factors": 0.300392767006997,
    "eigh": 2.0196513070259243,
    "eigenvalue_correction": 0.33284193399595097,
    "peakmem": 9.287253856658936
  },
  "compiled": {
    "matvec": 0.018311550957150757,
    "peakmem": 9.290076732635498
  }
}