{"matvec": 0.08668224373832345, "kfac_factors": 1.1447381461039186, "eigenvalue_correction": 0.9084775988012552, "eigh": 6.131726746913046, "peakmem": 6.503520488739014}