{"matvec": 0.08588362019509077, "kfac_factors": 1.1495364918373525, "eigenvalue_correction": 0.9220435889437795, "eigh": 6.151244924869388, "peakmem": 6.503520488739014}