{
  "eager": {
    "matvec": 0.0349753990303725,
    "kfac_factors": 0.3385513500543311,
    "eigh": 1.9903421259950846,
    "eigenvalue_correction": 0.311088046990335,
    "peakmem": 6.503520488739014
  },
  "compiled": {
    "matvec": 0.01778528210707009,
    "kfac_factors": 0.33161234902217984,
    "eigh": 2.0007936879992485,
    "eigenvalue_correction": 0.30564635701011866,
    "peakmem": 6.93383264541626
  }
}