{
  "eager": {
    "matvec": 0.03466036502504721,
    "kfac_factors": 0.3446127590141259,
    "eigh": 2.0169959139893763,
    "eigenvalue_correction": 0.3157247750204988,
    "peakmem": 6.503520488739014
  },
  "compiled": {
    "matvec": 0.017638387042097747
  }
}