{"matvec": 0.08660597121343017, "kfac_factors": 1.1426110393367708, "eigh": 6.15561929019168, "eigenvalue_correction": 0.9898112849332392, "peakmem": 6.503520488739014}