{
  "eager": {
    "matvec": 0.034477717941626906,
    "kfac_factors": 0.32700735109392554,
    "eigh": 2.013260504929349,
    "eigenvalue_correction": 0.3586333020357415,
    "tracing": 7.0722472260240465,
    "peakmem": 6.390678882598877
  },
  "compiled": {
    "matvec": 0.018173784017562866,
    "kfac_factors": 0.22709201707039028,
    "eigh": 2.0212200180394575,
    "eigenvalue_correction": 0.23616458801552653,
    "tracing": 7.099621501052752,
    "peakmem": 5.791937351226807
  }
}