{
  "eager": {
    "matvec": 0.034525785013101995,
    "kfac_factors": 0.3268000719835982,
    "eigh": 2.017056984012015,
    "eigenvalue_correction": 0.3576978410128504,
    "tracing": 6.68683753896039,
    "peakmem": 6.390678882598877
  },
  "compiled": {
    "matvec": 0.017617134959436953,
    "kfac_factors": 0.22676965210121125,
    "eigh": 2.0236168910050765,
    "eigenvalue_correction": 0.23563100094906986,
    "tracing": 6.67517832305748,
    "peakmem": 5.791937351226807
  }
}