{
  "eager": {
    "matvec": 0.03438253502827138,
    "kfac_factors": 0.32944751100149006,
    "eigh": 2.02014620997943,
    "eigenvalue_correction": 0.361244473955594,
    "tracing": 7.0774865810526535,
    "peakmem": 6.390678882598877
  },
  "compiled": {
    "matvec": 0.018026150995865464,
    "kfac_factors": 0.22800509899389,
    "eigh": 2.0290165129117668,
    "eigenvalue_correction": 0.24221209599636495,
    "tracing": 7.175625102012418,
    "peakmem": 5.791937351226807
  }
}