{
  "eager": {
    "matvec": 0.03481714695226401,
    "kfac_factors": 0.33824107400141656,
    "eigh": 1.9892458720132709,
    "eigenvalue_correction": 0.3094588160747662,
    "peakmem": 6.503520488739014
  },
  "compiled": {
    "matvec": 0.017014604061841965,
    "kfac_factors": 0.32879017188679427,
    "eigh": 1.9914573290152475,
    "eigenvalue_correction": 0.303287317045033,
    "peakmem": 6.93725061416626
  }
}