{
  "eager": {
    "matvec": 0.03455550398211926,
    "kfac_factors": 0.33830879896413535,
    "eigh": 1.9876395559404045,
    "eigenvalue_correction": 0.30947557801846415,
    "peakmem": 6.503520488739014
  },
  "compiled": {
    "matvec": 0.03534507204312831,
    "kfac_factors": 0.33764297398738563,
    "eigh": 1.9925315818982199,
    "eigenvalue_correction": 0.3094345899298787,
    "peakmem": 6.503520488739014
  }
}