{"matvec": 0.08808185905218124, "kfac_factors": 1.1426297309808433, "eigh": 6.1466600419953465, "eigenvalue_correction": 0.9843274359591305, "peakmem": 6.503520488739014}