{
  "eager": {
    "matvec": 0.6789516271091998,
    "peakmem": 6.164432525634766
  },
  "compiled": {
    "matvec": 0.45323489559814334,
    "peakmem": 5.466701984405518
  }
}