{
  "eager": {
    "matvec": 0.33974594704341143,
    "peakmem": 6.164432525634766
  },
  "compiled": {
    "matvec": 0.34030584490392357,
    "peakmem": 5.454128742218018
  }
}