{"matvec": 0.6828837818466127, "peakmem": 6.164432525634766}