{"matvec": 0.6800977326929569, "peakmem": 6.164432525634766}