{
  "eager": {
    "matvec": 0.339955062023364,
    "peakmem": 6.164432525634766
  },
  "compiled": {
    "matvec": 0.19639462395571172,
    "peakmem": 6.212523937225342
  }
}