{"matvec": 0.6789516271091998, "matvec_compiled": 0.45323489559814334, "peakmem": 6.164432525634766, "peakmem_compiled": 5.562402248382568}