{"matvec": 0.6842277301475406, "peakmem": 6.164432525634766}