{"matvec": 0.6816408918239176, "peakmem": 6.163700103759766}