{
  "eager": {
    "matvec": 0.6803101501427591,
    "peakmem": 6.163700103759766
  },
  "compiled": {
    "matvec": 0.45136015117168427,
    "peakmem": 5.467739582061768
  }
}