{"matvec": 0.6823407569900155, "peakmem": 6.163700103759766}