{
  "eager": {
    "matvec": 0.33984312100801617,
    "peakmem": 6.163700103759766
  },
  "compiled": {
    "matvec": 0.34007464395835996,
    "peakmem": 5.454128742218018
  }
}