{
  "eager": {
    "matvec": 0.339543056092225,
    "peakmem": 6.163700103759766
  },
  "compiled": {
    "matvec": 0.1971221740823239,
    "peakmem": 6.211791515350342
  }
}