{"matvec": 0.6854967279359698, "peakmem": 6.163700103759766}