{"matvec": 0.6803101501427591, "matvec_compiled": 0.45136015117168427, "peakmem": 6.163700103759766, "peakmem_compiled": 5.467739582061768}