{
  "eager": {
    "time": 0.1258316549938172,
    "peakmem": 5.408483028411865
  },
  "compiled": {
    "time": 0.09077205904759467,
    "peakmem": 5.401852130889893
  }
}