{"time": 0.27368077682331204, "peakmem": 5.408483028411865}