{
  "eager": {
    "time": 0.27438327576965094,
    "peakmem": 5.408483028411865
  },
  "compiled": {
    "time": 0.26143331499770284,
    "peakmem": 5.314919471740723
  }
}