{"time": 0.2733819200657308, "peakmem": 5.408483028411865, "time_compiled": 0.2581215277314186, "peakmem_compiled": 5.351039409637451}