{"time": 0.27438327576965094, "peakmem": 5.408483028411865, "time_compiled": 0.26143331499770284, "peakmem_compiled": 5.351039409637451}