{"time": 0.2734778979793191, "peakmem": 5.408483028411865}