{"time": 0.12697285099420696, "peakmem": 5.408483028411865, "time_compiled": 0.11931370996171609, "peakmem_compiled": 5.351039409637451}