{
  "eager": {
    "time": 0.1260607719887048,
    "peakmem": 5.408483028411865
  },
  "compiled": {
    "time": 0.1117231419775635,
    "peakmem": 5.401852130889893
  }
}