{"matvec": 1.1580982920713723, "matvec_compiled": 0.6172713250853121, "peakmem": 12.750334739685059, "peakmem_compiled": 13.02944278717041}