{"matvec": 1.1590122641064227, "matvec_compiled": 0.6197251910343766, "peakmem": 12.750334739685059, "peakmem_compiled": 13.02944278717041}