{"matvec": 1.1586661697365344, "peakmem": 12.750334739685059}