{"matvec": 1.158663460984826, "peakmem": 12.750334739685059}