{
  "eager": {
    "matvec": 1.1590122641064227,
    "peakmem": 12.750334739685059
  },
  "compiled": {
    "matvec": 0.6197251910343766,
    "peakmem": 12.93972110748291
  }
}