{
  "eager": {
    "matvec": 0.6213088229997084,
    "peakmem": 12.750334739685059
  },
  "compiled": {
    "matvec": 0.25263078801799566,
    "peakmem": 12.757903099060059
  }
}