{
  "eager": {
    "matvec": 0.6210676840273663,
    "peakmem": 12.750334739685059
  },
  "compiled": {
    "matvec": 0.6225180450128391,
    "peakmem": 12.750811576843262
  }
}