{
  "eager": {
    "matvec": 0.017185320029966533,
    "kfac_factors": 0.34192915295716375,
    "cholesky_inverse": 0.19001660903450102,
    "peakmem": 5.78726863861084
  },
  "compiled": {
    "matvec": 0.00859454006422311,
    "kfac_factors": 0.32985750294756144,
    "cholesky_inverse": 0.18248885299544781,
    "peakmem": 6.228041172027588
  }
}