{"matvec": 0.018047264020424336, "matvec_compiled": 0.009368984028697014, "tracing": 2.9081524970242754, "kfac_factors": 0.32825692399637774, "kfac_factors_compiled": 0.22436468699015677, "peakmem": 6.123874664306641, "peakmem_compiled": 3.096010208129883}