{"matvec": 0.03761594416573644, "kfac_factors": 1.1373234456405044, "cholesky_inverse": 0.719593895599246, "peakmem": 5.78726863861084}