{"matvec": 0.03721110196784139, "kfac_factors": 1.146856378763914, "cholesky_inverse": 0.7165696527808905, "peakmem": 5.78726863861084}