{
  "eager": {
    "matvec": 0.017072370974346995,
    "kfac_factors": 0.3388499589636922,
    "cholesky_inverse": 0.1881966310320422,
    "peakmem": 5.78726863861084
  },
  "compiled": {
    "matvec": 0.017506574979051948,
    "kfac_factors": 0.3408771629910916,
    "cholesky_inverse": 0.18413704202976078,
    "peakmem": 6.2207932472229
  }
}