{"matvec": 0.016900709946639836, "matvec_compiled": 0.008729294990189373, "kfac_factors": 0.3449859559768811, "cholesky_inverse": 0.1916185330483131, "peakmem": 5.78726863861084, "peakmem_compiled": 1.0729789733886719}