{"matvec": 0.037926973309367895, "tracing": 4.583025204017758, "kfac_factors": 0.9925085590220988, "peakmem": 8.584353923797607}