{"matvec": 0.04406186006963253, "kfac_factors": 1.1473110229708254, "peakmem": 5.78726863861084}