{"matvec": 0.042587251868098974, "tracing": 3.943594353739172, "kfac_factors": 0.9973080148920417, "peakmem": 8.584353923797607}