{
  "eager": {
    "matvec": 0.01715372991748154,
    "kfac_factors": 0.328040017047897,
    "tracing": 3.011536523932591,
    "peakmem": 5.812839508056641
  },
  "compiled": {
    "matvec": 0.009161972906440496,
    "kfac_factors": 0.2244883798994124,
    "tracing": 3.0314698989968747,
    "peakmem": 3.0959272384643555
  }
}