{
  "eager": {
    "matvec": 0.017187585995998234,
    "kfac_factors": 0.34508526499848813,
    "peakmem": 5.78726863861084
  },
  "compiled": {
    "matvec": 0.00922884396277368
  }
}