{
  "eager": {
    "matvec": 0.016904485994018614,
    "tracing": 6.581453202990815,
    "kfac_factors": 0.2956273090094328,
    "peakmem": 8.584353923797607
  },
  "compiled": {
    "matvec": 0.008291208068840206,
    "tracing": NaN,
    "kfac_factors": NaN,
    "peakmem": NaN
  }
}