{
  "eager": {
    "matvec": 0.01719736005179584,
    "tracing": 6.011908200045582,
    "kfac_factors": 0.30147159699117765,
    "peakmem": 8.584353923797607
  },
  "compiled": {
    "matvec": 0.009471989993471652,
    "peakmem": 8.588748455047607
  }
}