{
  "eager": {
    "matvec": 0.017148374929092824,
    "kfac_factors": 0.3260251230094582,
    "tracing": 3.0066037089563906,
    "peakmem": 5.812839508056641
  },
  "compiled": {
    "matvec": 0.009043189929798245,
    "kfac_factors": 0.22287627903278917,
    "tracing": 3.3627698071068153,
    "peakmem": 3.0959272384643555
  }
}