{"matvec": 0.043919204734265804, "kfac_factors": 1.1484491839073598, "peakmem": 5.78726863861084}