{
  "eager": {
    "matvec": 0.016900709946639836,
    "kfac_factors": 0.3449859559768811,
    "cholesky_inverse": 0.1916185330483131,
    "peakmem": 5.78726863861084
  },
  "compiled": {
    "matvec": 0.008729294990189373
  }
}