{"matvec": 0.01717365998774767, "matvec_compiled": 0.009693694999441504, "kfac_factors": 0.30792568204924464, "peakmem": 5.787209987640381, "peakmem_compiled": 6.225164890289307}