{"matvec": 0.016933333012275398, "matvec_compiled": 0.00869684899225831, "tracing": 7.2526116609806195, "kfac_factors": 0.3006944780354388, "peakmem": 8.584353923797607, "peakmem_compiled": 1.0734448432922363}