{"matvec": 0.01719736005179584, "matvec_compiled": 0.009471989993471652, "tracing": 6.011908200045582, "kfac_factors": 0.30147159699117765, "peakmem": 8.584353923797607, "peakmem_compiled": 1.0769987106323242}