{
  "eager": {
    "matvec": 0.016961071989499032,
    "tracing": 7.278987023979425,
    "kfac_factors": 0.29569277504924685,
    "peakmem": 8.584353923797607
  },
  "compiled": {
    "matvec": 0.01723087893333286,
    "tracing": NaN,
    "kfac_factors": NaN,
    "peakmem": NaN
  }
}