{
  "eager": {
    "matvec": 0.016658034059219062,
    "kfac_factors": 0.3273361229803413,
    "tracing": 3.028577508055605,
    "peakmem": 5.812839508056641
  },
  "compiled": {
    "matvec": 0.008338653016835451,
    "kfac_factors": 0.22402172500733286,
    "tracing": 3.5301534249447286,
    "peakmem": 3.0959272384643555
  }
}