{
  "eager": {
    "matvec": 0.017222068971022964,
    "tracing": 5.680138421012089,
    "kfac_factors": 0.29702616401482373,
    "peakmem": 8.584353923797607
  },
  "compiled": {
    "matvec": 0.017906581051647663,
    "tracing": NaN,
    "kfac_factors": NaN,
    "peakmem": 8.584353923797607
  }
}