{"matvec": 0.017187585995998234, "matvec_compiled": 0.00922884396277368, "kfac_factors": 0.34508526499848813, "peakmem": 5.78726863861084, "peakmem_compiled": 1.0719318389892578}