{"matvec": 0.01667804503813386, "matvec_compiled": 0.00873103697085753, "tracing": 15.73664238996571, "kfac_factors": 0.30528162501286715, "peakmem": 10.85109806060791, "peakmem_compiled": 10.85305118560791}