{"matvec": 0.043879936914891005, "kfac_factors": 1.139179838821292, "peakmem": 5.78726863861084}