{
  "eager": {
    "matvec": 0.017542448011226952,
    "kfac_factors": 0.34146878495812416,
    "peakmem": 5.78726863861084
  },
  "compiled": {
    "matvec": 0.009267827030271292,
    "kfac_factors": 0.332509396946989,
    "peakmem": 6.2207932472229
  }
}