{"matvec": 0.03828348498791456, "kfac_factors": 1.1341721317730844, "cholesky_inverse": 0.7144013457000256, "peakmem": 5.78726863861084}