{
  "eager": {
    "matvec": 0.017491984996013343,
    "kfac_factors": 0.33908226003404707,
    "peakmem": 5.78726863861084
  },
  "compiled": {
    "matvec": 0.017743158037774265,
    "kfac_factors": 0.3385206140810624,
    "peakmem": 6.2207932472229
  }
}