{
  "eager": {
    "matvec": 0.3429626780562103,
    "peakmem": 6.164432525634766
  },
  "compiled": {
    "matvec": 0.3423365909839049,
    "peakmem": 6.212760925292969
  }
}