{
  "eager": {
    "matvec": 0.6810150491073728,
    "peakmem": 6.164432525634766
  },
  "compiled": {
    "matvec": 0.4572666110470891,
    "peakmem": 5.3954596519470215
  }
}