{"matvec": 0.6810150491073728, "matvec_compiled": 0.4572666110470891, "peakmem": 6.164432525634766, "peakmem_compiled": 5.562402248382568}