{"matvec": 0.6832982157357037, "peakmem": 6.164432525634766}