{"matvec": 0.6845330712385476, "peakmem": 6.164432525634766}