{"matvec": 0.6897875750437379, "peakmem": 6.164432525634766}