{
  "eager": {
    "matvec": 0.3421120689017698,
    "peakmem": 6.164432525634766
  },
  "compiled": {
    "matvec": 0.2161746370838955,
    "peakmem": 6.166996002197266
  }
}